"Accession","Description","0hr","2hr","6hr","12hr","24hr","48hr","72hr"
"TAS2R33","taste 2 receptor member 33","0.5","0.9905","0.828","0.8197","0.6841","0.1469","0.4937"
"BIN2","bridging integrator 2","0.5","0.4947","0.5443","0.9445","0.4733","0.4767","0.7137"
"ARFGEF1","ADP ribosylation factor guanine nucleotide exchange factor 1","0.5","0.0886","0.0381","0.2998","0.839","0.9051","0.2133"
"IL18","interleukin 18","0.5","0.0381","0.5706","0.2809","0.8757","0.6257","0.236"
"HLCS","holocarboxylase synthetase","0.5","0.7237","0.2132","0.1085","0.6593","0.7784","0.495"
"CCDC175","coiled-coil domain containing 175","0.5","0.3655","0.6766","0.2259","0.1916","0.2714","0.0855"
"NTRK1","neurotrophic receptor tyrosine kinase 1","0.5","0.8535","0.7043","0.2111","0.0721","0.5387","0.5417"
"RPF2","ribosome production factor 2 homolog","0.5","0.1907","0.2905","0.8966","0.6613","0.893","0.2547"
"BBS10","Bardet-Biedl syndrome 10","0.5","0.8368","0.5013","0.8071","0.1406","0.7802","0.285"
"FBXO32","F-box protein 32","0.5","0.1514","0.2144","0.8326","0.9466","0.7105","0.1848"
"CSTB","cystatin B","0.5","0.8768","0.6687","0.4079","0.7062","0.4139","0.1724"
"FZD1","frizzled class receptor 1","0.5","0.6188","0.577","0.8483","0.5644","0.5515","0.5739"
"CCDC36","coiled-coil domain containing 36","0.5","0.5567","0.2078","0.7011","0.0281","0.9325","0.1164"
"TNFAIP1","TNF alpha induced protein 1","0.5","0.7083","0.7253","0.73","0.1894","0.2353","0.4729"
"KIR3DL3","killer cell immunoglobulin like receptor, three Ig domains and long cytoplasmic tail 3","0.5","0.7415","0.0304","0.9014","0.6624","0.1252","0.9543"
"THPO","thrombopoietin","0.5","0.4148","0.4806","0.5747","0.3274","0.2706","0.8936"
"UBAP1L","ubiquitin associated protein 1 like","0.5","0.4713","0.4139","0.1825","0.8815","0.5891","0.6458"
"PECR","peroxisomal trans-2-enoyl-CoA reductase","0.5","0.6997","0.6538","0.0331","0.5603","0.2565","0.6752"
"NCAPG2","non-SMC condensin II complex subunit G2","0.5","0.0096","0.9349","0.9794","0.0325","0.8442","0.2213"
"SCD5","stearoyl-CoA desaturase 5","0.5","0.3724","0.6723","0.6091","0.1519","0.2886","0.1923"
"GOLGA8B","golgin A8 family member B","0.5","0.3852","0.1939","0.7805","0.2089","0.224","0.1269"
"MINDY4","MINDY lysine 48 deubiquitinase 4","0.5","0.7739","0.7637","0.2819","0.6468","0.5734","0.3643"
"ARHGEF9","Cdc42 guanine nucleotide exchange factor 9","0.5","0.0559","0.3579","0.057","0.5076","0.6822","0.3254"
"C17orf58","chromosome 17 open reading frame 58","0.5","0.9235","0.5732","0.3957","0.1755","0.3914","0.9752"
"B3GNT4","UDP-GlcNAc:betaGal beta-1,3-N-acetylglucosaminyltransferase 4","0.5","0.7569","0.4138","0.784","0.0554","0.7202","0.3472"
"LIM2","lens intrinsic membrane protein 2","0.5","0.563","0.3002","0.3875","0.6295","0.4468","0.4754"
"ZNF30","zinc finger protein 30","0.5","0.7175","0.8408","0.6018","0.6483","0.9219","0.6291"
"PCDHGB1","protocadherin gamma subfamily B, 1","0.5","0.1487","0.0878","0.8673","0.0395","0.8609","0.7678"
"AFMID","arylformamidase","0.5","0.962","0.4359","0.4578","0.4145","0.5812","0.0737"
"MDP1","magnesium dependent phosphatase 1","0.5","0.7275","0.4828","0.575","0.2077","0.5742","0.8793"
"CLIP4","CAP-Gly domain containing linker protein family member 4","0.5","0.0722","0.8856","0.9733","0.8631","0.4389","0.0644"
"COL6A3","collagen type VI alpha 3 chain","0.5","0.3398","0.6672","0.4103","0.8481","0.6929","0.0608"
"ZSCAN20","zinc finger and SCAN domain containing 20","0.5","0.2214","0.5253","0.0188","0.1841","0.8946","0.8963"
"SPTB","spectrin beta, erythrocytic","0.5","0.7446","0.8005","0.4929","0.6076","0.3529","0.5898"
"DEFB106A","defensin beta 106A","0.5","0.1547","0.5107","0.6269","0.7034","0.0701","0.9836"
"MAG","myelin associated glycoprotein","0.5","0.6262","0.7788","0.8206","0.3521","0.6096","0.3245"
"GRAMD1B","GRAM domain containing 1B","0.5","0.2282","0.9051","0.5909","0.9365","0.4739","0.3984"
"SBF1","SET binding factor 1","0.5","0.375","0.4379","0.7876","0.1456","0.766","0.6114"
"HAP1","huntingtin associated protein 1","0.5","0.6568","0.2875","0.7252","0.5547","0.2069","0.7308"
"HIST1H3G","histone cluster 1 H3 family member g","0.5","0.2866","0.9485","0.5348","0.1871","0.0847","0.5259"
"C2orf54","chromosome 2 open reading frame 54","0.5","0.0485","0.9374","0.2032","0.2842","0.385","0.5342"
"LYL1","LYL1, basic helix-loop-helix family member","0.5","0.6424","0.6854","0.0211","0.9888","0.6242","0.0568"
"PSG7","pregnancy specific beta-1-glycoprotein 7 (gene/pseudogene)","0.5","0.1607","0.7132","0.549","0.8197","0.847","0.0997"
"AIG1","androgen induced 1","0.5","0.2469","0.8707","0.5735","0.0102","0.0318","0.8166"
"ARHGAP42","Rho GTPase activating protein 42","0.5","0.848","0.3535","0.6091","0.7397","0.2577","0.1723"
"OR6B3","olfactory receptor family 6 subfamily B member 3","0.5","0.062","0.8388","0.623","0.116","0.7464","0.6012"
"SF3B1","splicing factor 3b subunit 1","0.5","0.2871","0.4013","0.077","0.9122","0.9811","0.4165"
"ATL2","atlastin GTPase 2","0.5","0.0235","0.6013","0.6829","0.6991","0.7176","0.0724"
"KIAA1549L","KIAA1549 like","0.5","0.9797","0.2579","0.9169","0.626","0.3906","0.3532"
"RBSN","rabenosyn, RAB effector","0.5","0.2933","0.8666","0.6041","0.2183","0.7481","0.688"
"FAM19A3","family with sequence similarity 19 member A3, C-C motif chemokine like","0.5","0.4297","0.973","0.3783","0.253","0.0302","0.2046"
"VN1R4","vomeronasal 1 receptor 4","0.5","0.7452","0.0395","0.4186","0.8135","0.503","0.0289"
"GABRD","gamma-aminobutyric acid type A receptor delta subunit","0.5","0.6168","0.3352","0.4087","0.1371","0.282","0.2795"
"PMEL","premelanosome protein","0.5","0.7095","0.21","0.9605","0.7182","0.4564","0.4306"
"HPGD","hydroxyprostaglandin dehydrogenase 15-(NAD)","0.5","0.1731","0.3668","0.4031","0.9763","0.7061","0.597"
"TRMT12","tRNA methyltransferase 12 homolog","0.5","0.2931","0.5628","0.2812","0.1385","0.9042","0.0408"
"CHMP7","charged multivesicular body protein 7","0.5","0.0027","0.8401","0.1176","0.3918","0.664","0.6528"
"GPR85","G protein-coupled receptor 85","0.5","0.5648","0.5992","0.6704","0.9671","0.6355","0.7559"
"CNIH3","cornichon family AMPA receptor auxiliary protein 3","0.5","0.6675","0.2847","0.2696","0.4584","0.8234","0.7713"
"TWF1","twinfilin actin binding protein 1","0.5","0.9482","0.9928","0.5884","0.4744","0.8383","0.6564"
"CD164L2","CD164 molecule like 2","0.5","0.5713","0.8532","0.9708","0.9722","0.8402","0.2418"
"OR10S1","olfactory receptor family 10 subfamily S member 1","0.5","0.0611","0.1837","0.5534","0.2898","0.5756","0.5596"
"MYO19","myosin XIX","0.5","0.2441","0.0044","0.1568","0.6699","0.0054","0.0841"
"OR14I1","olfactory receptor family 14 subfamily I member 1","0.5","0.872","0.7034","0.7532","0.6841","0.4695","0.5246"
"EBLN2","endogenous Bornavirus-like nucleoprotein 2","0.5","0.0793","0.9225","0.3273","0.0449","0.0072","0.6762"
"CLEC3A","C-type lectin domain family 3 member A","0.5","0.8779","0.0927","0.5525","0.0165","0.8636","0.9984"
"C7orf43","chromosome 7 open reading frame 43","0.5","0.3644","0.5772","0.7175","0.2355","0.6884","0.1569"
"NMNAT3","nicotinamide nucleotide adenylyltransferase 3","0.5","0.8828","0.2296","0.7985","0.3909","0.6144","0.8393"
"CBLN1","cerebellin 1 precursor","0.5","0.582","0.2632","0.0937","0.0265","0.5077","0.4715"
"VAMP3","vesicle associated membrane protein 3","0.5","0.7743","0.8593","0.7978","0.0545","0.3958","0.4365"
"PPP1R14A","protein phosphatase 1 regulatory inhibitor subunit 14A","0.5","0.7034","0.3627","0.5329","0.0244","0.0552","0.6789"
"TRIM69","tripartite motif containing 69","0.5","0.5704","0.0048","0.4034","0.3556","0.441","0.3033"
"CCDC107","coiled-coil domain containing 107","0.5","0.8269","0.3632","0.9475","0.63","0.148","0.4609"
"SIGLEC12","sialic acid binding Ig like lectin 12 (gene/pseudogene)","0.5","0.1584","0.9721","0.4876","0.6076","0.43","0.8531"
"ERV3-1","endogenous retrovirus group 3 member 1, envelope","0.5","0.2758","0.7267","0.0747","0.8145","0.5366","0.8899"
"USP11","ubiquitin specific peptidase 11","0.5","0.24","0.9977","0.7569","0.023","0.3753","0.6996"
"TNFRSF4","TNF receptor superfamily member 4","0.5","0.5599","0.505","0.0355","0.3073","0.3419","0.1609"
"SMPDL3B","sphingomyelin phosphodiesterase acid like 3B","0.5","0.099","0.454","0.9319","0.6852","0.95","0.4223"
"SCO2","SCO2, cytochrome c oxidase assembly protein","0.5","0.9801","0.9792","0.1684","0.6553","0.8432","0.4879"
"PGK2","phosphoglycerate kinase 2","0.5","0.7723","0.1109","0.4496","0.0153","4e-04","0.5942"
"C10orf142","chromosome 10 open reading frame 142","0.5","0.6468","0.5181","0.2695","0.1876","0.2763","0.3797"
"PRSS38","protease, serine 38","0.5","0.34","0.5882","0.5847","0.8857","0.8397","0.4888"
"DDX3Y","DEAD-box helicase 3, Y-linked","0.5","0.9748","0.1312","0.9406","0.3995","0.1905","0.9591"
"PSKH1","protein serine kinase H1","0.5","0.0053","0.5117","0.7984","0.7011","0.9806","0.9155"
"LPIN1","lipin 1","0.5","0.1197","0.2805","0.2142","0.3185","0.0664","0.147"
"TMCO2","transmembrane and coiled-coil domains 2","0.5","0.0766","0.3769","0.1201","0.7866","0.2946","0.9673"
"PCDHGA8","protocadherin gamma subfamily A, 8","0.5","0.5696","0.6697","0.9475","0.0215","0.1014","0.9739"
"ABCA1","ATP binding cassette subfamily A member 1","0.5","0.8394","0.0328","0.9097","0.1072","0.2589","0.1542"
"CDS2","CDP-diacylglycerol synthase 2","0.5","0.1805","0.2391","0.9531","0.1169","0.5971","0.4969"
"L2HGDH","L-2-hydroxyglutarate dehydrogenase","0.5","0.2896","0.1225","0.5214","0.5216","0.6337","0.3273"
"MZT1","mitotic spindle organizing protein 1","0.5","0.5316","0.0915","0.3083","0.0365","0.5722","0.4677"
"ANP32B","acidic nuclear phosphoprotein 32 family member B","0.5","0.0754","0.9067","0.3713","0.6601","0.9875","0.2179"
"MRO","maestro","0.5","0.677","0.2629","0.4579","0.8832","0.9785","0.1031"
"C10orf107","chromosome 10 open reading frame 107","0.5","0.9092","0.7703","0.5123","0.0496","0.1848","0.6785"
"VEPH1","ventricular zone expressed PH domain containing 1","0.5","0.1791","0.6273","0.2855","0.2298","0.0179","0.6964"
"IRAK1BP1","interleukin 1 receptor associated kinase 1 binding protein 1","0.5","0.181","0.2108","0.369","0.0361","0.3908","0.2618"
"GAGE12G","G antigen 12G","0.5","0.6844","0.0278","0.9229","0.2575","0.9109","0.5765"
"CLEC6A","C-type lectin domain containing 6A","0.5","0.5786","0.804","0.4403","0.5781","0.2477","0.2644"
"GLTP","glycolipid transfer protein","0.5","0.4202","0.8118","0.4601","0.5269","0.2431","0.1971"
"PNPLA6","patatin like phospholipase domain containing 6","0.5","0.7608","0.1646","0.8697","0.8252","0.1021","0.343"
"LLGL1","LLGL1, scribble cell polarity complex component","0.5","0.8236","0.5595","0.3015","0.1561","0.377","0.3529"
"NDUFA9","NADH:ubiquinone oxidoreductase subunit A9","0.5","0.0302","0.3735","0.2306","0.6443","0.3265","0.5516"
"TMPRSS4","transmembrane protease, serine 4","0.5","0.4023","0.8646","0.6557","0.3973","0.206","0.048"
"KIAA1614","KIAA1614","0.5","0.3683","0.458","0.842","0.3256","0.3413","0.9191"
"PARP12","poly(ADP-ribose) polymerase family member 12","0.5","0.4275","0.393","0.3096","0.7544","0.279","0.3693"
"ST8SIA3","ST8 alpha-N-acetyl-neuraminide alpha-2,8-sialyltransferase 3","0.5","0.2248","0.4927","0.9152","0.2629","0.1185","0.7439"
"RNASE13","ribonuclease A family member 13 (inactive)","0.5","0.2559","0.8684","0.3954","0.7645","0.7565","0.57"
"ACSM6","acyl-CoA synthetase medium-chain family member 6","0.5","0.0835","0.2181","0.3778","0.8398","0.032","0.5125"
"AHRR","aryl-hydrocarbon receptor repressor","0.5","0.3279","0.6732","0.1357","0.8075","0.781","0.3582"
"PRDM9","PR/SET domain 9","0.5","0.0044","0.7208","0.6687","0.344","0.7772","0.7188"
"VWC2L","von Willebrand factor C domain containing protein 2 like","0.5","0.8302","0.1479","0.5742","0.1606","0.2953","0.7895"
"RSPRY1","ring finger and SPRY domain containing 1","0.5","0.3597","0.4113","0.1583","0.5081","0.4911","0.2791"
"RPP25","ribonuclease P and MRP subunit p25","0.5","0.7405","0.3874","0.3147","0.2835","0.2734","0.7286"
"GRK3","G protein-coupled receptor kinase 3","0.5","0.6069","0.4827","0.8042","0.4135","0.4611","0.8685"
"INSM2","INSM transcriptional repressor 2","0.5","0.4346","0.3542","0.6446","0.837","0.6748","0.9479"
"TM9SF1","transmembrane 9 superfamily member 1","0.5","0.7641","0.6064","0.9272","0.4778","0.396","0.6692"
"TMEM89","transmembrane protein 89","0.5","0.7593","0.372","0.5361","0.0101","0.2333","0.7452"
"IL34","interleukin 34","0.5","0.8673","0.2274","0.6151","0.7736","0.9301","0.8509"
"SOWAHA","sosondowah ankyrin repeat domain family member A","0.5","0.7474","0.1911","0.8713","0.3836","0.7542","0.0505"
"ARHGAP21","Rho GTPase activating protein 21","0.5","0.0047","0.8096","0.6044","0.9169","0.3335","0.1456"
"SZT2","seizure threshold 2 homolog (mouse)","0.5","0.7488","0.0981","0.9709","0.8379","0.608","0.2927"
"GIT1","GIT ArfGAP 1","0.5","0.0027","0.6452","0.677","0.9467","0.8085","0.6293"
"DEFB115","defensin beta 115","0.5","0.773","0.7028","0.2488","0.604","0.9309","0.4738"
"ATP12A","ATPase H+/K+ transporting non-gastric alpha2 subunit","0.5","0.7407","0.2404","0.9757","0.3815","0.5929","0.4528"
"ZBTB38","zinc finger and BTB domain containing 38","0.5","0.7514","0.7962","0.5026","0.2912","0.228","0.0425"
"MET","MET proto-oncogene, receptor tyrosine kinase","0.5","0.4257","0.8042","0.2011","0.4231","0.7606","0.5346"
"SYVN1","synoviolin 1","0.5","0.6047","0.6906","0.5727","0.9996","0.0992","0.2405"
"LRP11","LDL receptor related protein 11","0.5","0.2521","0.1485","0.8114","0.1637","0.9125","0.1545"
"NPFFR1","neuropeptide FF receptor 1","0.5","0.0977","0.559","0.4935","0.0269","0.1727","0.1122"
"C10orf10","chromosome 10 open reading frame 10","0.5","0.9913","0.3724","0.8171","0.6089","0.0104","0.3483"
"BRD4","bromodomain containing 4","0.5","0.0566","0.1633","0.1781","0.4687","0.142","0.2076"
"CT45A10","cancer/testis antigen family 45 member A10","0.5","0.2237","0.6926","0.4124","0.2395","0.8122","0.5655"
"TEX13A","testis expressed 13A","0.5","0.421","0.5135","0.8079","0.5884","0.8704","0.7037"
"EIF4EBP2","eukaryotic translation initiation factor 4E binding protein 2","0.5","0.0376","0.3566","0.6397","0.205","0.9903","0.6139"
"C14orf80","chromosome 14 open reading frame 80","0.5","0.6679","0.8641","0.7255","0.7368","0.4419","0.7787"
"SLC26A4","solute carrier family 26 member 4","0.5","0.8931","0.7295","0.4294","0.5154","0.5614","0.8427"
"C1QTNF1","C1q and TNF related 1","0.5","0.2706","0.1878","0.895","0.7965","0.0723","0.6034"
"VHL","von Hippel-Lindau tumor suppressor","0.5","0.8415","0.7959","0.8856","0.0361","0.7411","0.4208"
"MYBPC3","myosin binding protein C, cardiac","0.5","0.1714","0.1182","0.3814","0.7453","0.123","0.6887"
"RFXANK","regulatory factor X associated ankyrin containing protein","0.5","0.301","0.5942","0.2709","0.5897","0.9396","0.5049"
"TMUB2","transmembrane and ubiquitin like domain containing 2","0.5","0.3485","0.4729","0.6536","0.2068","0.2132","0.0895"
"SPINK2","serine peptidase inhibitor, Kazal type 2","0.5","0.7898","0.9693","0.0895","0.6745","0.6648","0.9262"
"CASTOR1","cytosolic arginine sensor for mTORC1 subunit 1","0.5","0.8155","0.9896","0.6432","0.7493","0.1333","0.9452"
"HLA-DQA1","major histocompatibility complex, class II, DQ alpha 1","0.5","0.5222","0.4162","8e-04","0.3234","0.0783","0.0682"
"TIPARP","TCDD inducible poly(ADP-ribose) polymerase","0.5","0.423","0.1912","0.1384","0.1255","0.9275","0.898"
"EME1","essential meiotic structure-specific endonuclease 1","0.5","0.6941","0.2287","0.8434","0.1378","0.2766","0.3199"
"OTUB1","OTU deubiquitinase, ubiquitin aldehyde binding 1","0.5","0.2191","0.2454","0.5235","0.4842","0.9023","0.6561"
"SLC35B1","solute carrier family 35 member B1","0.5","0.8463","0.2445","0.5021","0.6711","0.9037","0.7083"
"ADAMTSL1","ADAMTS like 1","0.5","0.8007","0.7259","0.7636","0.1033","0.2183","0.6888"
"OPTN","optineurin","0.5","0.2267","0.1499","0.8196","0.4742","0.5946","0.2717"
"EPHB6","EPH receptor B6","0.5","0.6525","0.3153","0.3766","0.9486","0.1664","0.7863"
"ABHD13","abhydrolase domain containing 13","0.5","0.6327","0.2643","0.4444","0.428","0.3704","0.8111"
"ULBP2","UL16 binding protein 2","0.5","0.4524","0.6342","0.7923","0.2726","0.5889","0.87"
"ARVCF","armadillo repeat gene deleted in velocardiofacial syndrome","0.5","0.6283","0.2669","0.0043","0.6521","0.2911","0.2259"
"C9orf131","chromosome 9 open reading frame 131","0.5","0.8649","0.519","0.7999","0.1553","0.5247","0.3439"
"FBXW11","F-box and WD repeat domain containing 11","0.5","0.4452","0.8447","0.5528","0.2744","0.0463","0.8041"
"HSBP1","heat shock factor binding protein 1","0.5","0.3187","0.9917","0.6757","0.062","0.1862","0.355"
"PLSCR3","phospholipid scramblase 3","0.5","0.8897","0.1806","0.2753","0.5951","0.8045","0.3598"
"GTF2A1","general transcription factor IIA subunit 1","0.5","0.6589","0.2712","0.1925","0.837","0.3793","0.8594"
"EIF4EBP3","eukaryotic translation initiation factor 4E binding protein 3","0.5","0.4789","0.226","0.6738","0.5307","0.7201","0.6427"
"ERVW-1","endogenous retrovirus group W member 1, envelope","0.5","0.8855","0.4537","0.3946","0.1846","0.9955","0.5212"
"VSIG2","V-set and immunoglobulin domain containing 2","0.5","0.8851","0.3647","0.4926","0.7674","0.1532","0.1163"
"MLLT3","MLLT3, super elongation complex subunit","0.5","0.4077","0.3386","0.3965","0.3735","0.1123","0.4443"
"CCL24","C-C motif chemokine ligand 24","0.5","0.1271","0.9376","0.2324","0.2762","0.0325","0.8449"
"WDR53","WD repeat domain 53","0.5","0.8238","0.0335","0.6165","0.131","0.6939","0.7748"
"FANCL","Fanconi anemia complementation group L","0.5","0.8191","0.4369","0.1624","0.7099","0.9275","0.7106"
"CYP26B1","cytochrome P450 family 26 subfamily B member 1","0.5","0.9297","0.6468","0.18","0.2212","0.9221","0.9913"
"SLC25A38","solute carrier family 25 member 38","0.5","0.3865","0.7518","0.3897","0.3115","0.9388","0.403"
"ESPN","espin","0.5","0.1483","0.8543","0.6744","0.8788","0.8992","0.6664"
"PSAT1","phosphoserine aminotransferase 1","0.5","0.7655","0.1255","0.1991","0.6876","0.8008","0.9318"
"DIAPH1","diaphanous related formin 1","0.5","0.9582","0.8973","0.2133","0.9937","0.6275","0.99"
"HIST1H4K","histone cluster 1 H4 family member k","0.5","0.5033","0.7545","0.6237","0.446","0.4002","0.4985"
"ASCL4","achaete-scute family bHLH transcription factor 4","0.5","0.7984","0.4914","0.854","0.5626","0.0938","0.0896"
"NXN","nucleoredoxin","0.5","0.4246","0.443","0.204","0.3686","0.1134","0.7999"
"SHROOM1","shroom family member 1","0.5","0.2531","0.3439","0.6098","0.0728","0.776","0.7668"
"C8orf48","chromosome 8 open reading frame 48","0.5","0.6194","0.822","0.4788","0.1947","0.1348","0.3004"
"LMAN1L","lectin, mannose binding 1 like","0.5","0.2218","0.5525","0.1998","0.0755","0.3245","0.0484"
"RCHY1","ring finger and CHY zinc finger domain containing 1","0.5","0.709","0.355","0.7846","0.021","0.7292","0.2827"
"FOXL2","forkhead box L2","0.5","0.7959","0.5329","0.6504","0.2444","0.1734","0.1885"
"MAPK9","mitogen-activated protein kinase 9","0.5","0.9556","0.5496","0.4948","0.5794","0.0431","0.8243"
"GLP2R","glucagon like peptide 2 receptor","0.5","0.3669","0.6308","0.4754","0.16","0.7094","0.6174"
"USPL1","ubiquitin specific peptidase like 1","0.5","0.6464","0.1066","0.9908","0.082","0.9692","0.7241"
"ZNF576","zinc finger protein 576","0.5","0.8372","0.8345","0.0799","0.1552","0.4755","0.6986"
"MYOF","myoferlin","0.5","0.8721","0.9573","0.6245","0.5382","0.8806","0.1909"
"STARD5","StAR related lipid transfer domain containing 5","0.5","0.344","0.064","0.5152","0.2644","0.7141","0.4513"
"MTG1","mitochondrial ribosome associated GTPase 1","0.5","0.639","0.9799","0.6423","0.4318","0.6007","0.3123"
"TFF1","trefoil factor 1","0.5","0.7607","0.1241","0.147","0.0323","0.635","0.4912"
"MAD2L2","mitotic arrest deficient 2 like 2","0.5","0.8978","0.8927","0.7734","0.6524","0.9387","0.1214"
"CLEC2L","C-type lectin domain family 2 member L","0.5","0.9891","0.7043","0.7769","0.5426","0.3242","0.0762"
"OR4F15","olfactory receptor family 4 subfamily F member 15","0.5","0.8835","0.2872","0.9809","0.0807","0.7999","0.8301"
"COX15","COX15, cytochrome c oxidase assembly homolog","0.5","0.634","0.0692","0.3129","0.2231","0.0481","0.0954"
"BBOX1","gamma-butyrobetaine hydroxylase 1","0.5","0.4521","0.0194","0.2036","0.2774","0.619","0.0076"
"STXBP5L","syntaxin binding protein 5 like","0.5","0.8976","0.9778","0.5225","0.8051","0.8291","0.4458"
"OR4X1","olfactory receptor family 4 subfamily X member 1 (gene/pseudogene)","0.5","0.5962","0.7688","0.9397","0.5849","0.8591","0.0418"
"GNA14","G protein subunit alpha 14","0.5","0.0139","0.4999","0.6275","0.2644","0.4364","0.0058"
"FAM131A","family with sequence similarity 131 member A","0.5","0.0458","0.4572","0.4892","0.9461","0.7459","0.8425"
"RGMA","repulsive guidance molecule family member a","0.5","0.1601","0.4661","0.1137","0.2667","0.0386","0.9219"
"ARL3","ADP ribosylation factor like GTPase 3","0.5","0.5519","0.4643","0.3288","0.0586","0.55","0.6928"
"PTCRA","pre T-cell antigen receptor alpha","0.5","0.579","0.1381","0.6991","0.3835","0.6469","0.677"
"CCL27","C-C motif chemokine ligand 27","0.5","0.4053","0.2694","0.3758","0.6831","0.312","0.1925"
"RPRD1A","regulation of nuclear pre-mRNA domain containing 1A","0.5","0.6445","0.2687","0.4475","0.2878","0.2567","0.6378"
"CCDC51","coiled-coil domain containing 51","0.5","0.4585","0.9862","0.0904","0.8334","0.0424","0.5764"
"FITM1","fat storage inducing transmembrane protein 1","0.5","0.8708","0.3001","0.7578","0.8753","0.5829","0.0477"
"KRTAP19-4","keratin associated protein 19-4","0.5","0.9435","0.125","0.2877","0.8966","0.1019","0.7537"
"CTRB2","chymotrypsinogen B2","0.5","0.4485","0.4384","0.0773","0.561","0.6365","0.7336"
"PRIMA1","proline rich membrane anchor 1","0.5","0.6476","0.1823","0.3961","0.0382","0.1613","0.0394"
"KCTD3","potassium channel tetramerization domain containing 3","0.5","0.1552","0.8483","0.2835","0.7864","0.7858","0.8645"
"SPINT1","serine peptidase inhibitor, Kunitz type 1","0.5","0.1531","0.3079","0.6194","0.8202","0.7717","0.1777"
"ARRDC5","arrestin domain containing 5","0.5","0.7856","0.4642","0.4683","0.1941","0.7945","0.0448"
"KCTD6","potassium channel tetramerization domain containing 6","0.5","0.2533","0.7775","0.7883","0.896","0.4349","0.8532"
"GLMN","glomulin, FKBP associated protein","0.5","0.5167","0.4481","0.7987","0.4251","0.4565","0.5592"
"FAAH","fatty acid amide hydrolase","0.5","0.9598","9e-04","0.7359","0.7843","0.8885","6e-04"
"PON1","paraoxonase 1","0.5","0.9868","0.3608","0.6184","0.2714","0.5377","0.9151"
"ERBIN","erbb2 interacting protein","0.5","0.8499","0.2307","0.5001","0.9319","0.084","0.5019"
"ZNF771","zinc finger protein 771","0.5","0.3254","0.3066","0.2222","0.3829","0.3953","0.4755"
"HCST","hematopoietic cell signal transducer","0.5","0.8437","0.4466","0.7188","0.4181","0.2064","0.996"
"FAM98A","family with sequence similarity 98 member A","0.5","0.7445","0.5299","0.3895","0.4058","0.7398","0.277"
"C19orf47","chromosome 19 open reading frame 47","0.5","0.3006","0.5151","0.8273","0.421","0.9498","0.4432"
"ANGEL1","angel homolog 1","0.5","0.2753","0.6834","0.2315","0.834","0.467","0.8942"
"TMEM261","transmembrane protein 261","0.5","0.1687","0.0593","0.6228","0.8962","0.1704","0.9453"
"GPATCH2","G-patch domain containing 2","0.5","0.8422","0.1593","0.9031","0.1073","0.7926","0.4751"
"IRF8","interferon regulatory factor 8","0.5","0.4788","0.9407","0.6976","0.4985","0.2074","0.0991"
"IFRD2","interferon related developmental regulator 2","0.5","0.6853","0.8946","0.4391","0.2802","0.6295","0.176"
"TMEM136","transmembrane protein 136","0.5","0.0509","0.5199","0.6578","0.8073","0.2296","0.8397"
"STOM","stomatin","0.5","0.2749","0.1319","0.2433","0.6554","0.5573","0.1822"
"MNX1","motor neuron and pancreas homeobox 1","0.5","0.6321","0.2259","0.3379","0.5023","0.829","0.4683"
"HIBADH","3-hydroxyisobutyrate dehydrogenase","0.5","0.2677","0.7031","0.655","0.2598","0.4401","0.329"
"ABCF1","ATP binding cassette subfamily F member 1","0.5","0.4328","0.8083","0.385","0.3255","0.1717","0.4242"
"HIST1H2BB","histone cluster 1 H2B family member b","0.5","0.4412","0.4117","0.1461","0.6177","0.5825","0.9132"
"CANX","calnexin","0.5","0.6849","0.1385","0.3011","0.4356","0.2244","0.7174"
"ZNF34","zinc finger protein 34","0.5","0.4175","0.7174","0.925","0.5258","0.9868","0.265"
"C1QA","complement C1q A chain","0.5","0.8125","0.9404","0.698","0.5616","0.6078","0.4342"
"SNX24","sorting nexin 24","0.5","0.4978","0.6183","0.8612","0.2789","0.3736","0.5353"
"GRHL3","grainyhead like transcription factor 3","0.5","0.1672","0.7654","0.5779","0.9727","0.7628","0.421"
"FBXO28","F-box protein 28","0.5","0.5108","0.1158","0.2354","0.0256","0.2747","0.2563"
"ST3GAL1","ST3 beta-galactoside alpha-2,3-sialyltransferase 1","0.5","0.3845","0.2122","0.7205","0.7288","0.4393","0.496"
"CCR6","C-C motif chemokine receptor 6","0.5","0.2586","0.8138","0.0442","0.3164","0.1501","0.4477"
"IL17F","interleukin 17F","0.5","0.4602","0.164","0.7908","0.6217","0.188","0.7906"
"C2orf68","chromosome 2 open reading frame 68","0.5","0.0209","0.1901","0.6661","0.2846","0.4845","0.8356"
"UQCR10","ubiquinol-cytochrome c reductase, complex III subunit X","0.5","0.7263","0.7151","0.0594","0.853","0.5071","0.9761"
"PNCK","pregnancy up-regulated nonubiquitous CaM kinase","0.5","0.9723","0.6501","0.1132","0.8634","0.5559","0.1115"
"SUN2","Sad1 and UNC84 domain containing 2","0.5","0.2147","0.6701","0.0285","0.0208","0.3907","0.4968"
"PRRT3","proline rich transmembrane protein 3","0.5","0.5422","0.7231","0.3049","0.3198","0.7868","0.901"
"TXNRD1","thioredoxin reductase 1","0.5","0.5427","0.2875","0.0837","0.4571","0.7916","0.6916"
"CCDC126","coiled-coil domain containing 126","0.5","0.0865","0.2744","0.7626","0.7199","0.9958","0.9651"
"ZNF790","zinc finger protein 790","0.5","0.0513","0.7845","0.9013","0.9946","0.0955","0.9239"
"DPH1","diphthamide biosynthesis 1","0.5","0.5064","0.0052","0.8736","0.0363","0.4417","0.589"
"PAX4","paired box 4","0.5","0.1428","0.781","0.363","0.2898","0.4134","0.023"
"INTS6","integrator complex subunit 6","0.5","0.418","0.6213","0.3326","0.6606","0.2135","0.7674"
"SYMPK","symplekin","0.5","0.1705","0.0018","0.5128","0.3542","0.4168","0.2078"
"DOPEY1","dopey family member 1","0.5","0.7861","0.8654","0.6682","0.3373","0.2629","0.5836"
"NCKAP5L","NCK associated protein 5 like","0.5","0.8801","0.6129","0.2453","0.9601","0.402","0.5541"
"SLC35C2","solute carrier family 35 member C2","0.5","0.0361","0.0887","0.0123","0.6267","0.2059","0.2396"
"NDUFB8","NADH:ubiquinone oxidoreductase subunit B8","0.5","0.5196","0.1182","0.058","0.7004","0.5247","0.4497"
"DGKH","diacylglycerol kinase eta","0.5","0.7896","0.6126","0.1793","0.447","0.7518","0.3289"
"CMTR1","cap methyltransferase 1","0.5","0.2658","0.044","0.3134","0.6596","0.9266","0.5275"
"MREG","melanoregulin","0.5","0.1485","0.9778","0.7555","0.4079","0.0752","0.4114"
"FAM173A","family with sequence similarity 173 member A","0.5","0.6574","0.3394","0.9421","0.0871","0.6116","0.8883"
"ZNF783","zinc finger family member 783","0.5","0.5187","0.7852","0.4496","0.2663","0.4187","0.6946"
"CREB3L3","cAMP responsive element binding protein 3 like 3","0.5","0.8674","0.8496","0.0768","0.914","0.6719","0.0523"
"XKRY2","XK related, Y-linked 2","0.5","9e-04","0.3009","0.7686","0.0593","0.2182","0.4342"
"NXPH3","neurexophilin 3","0.5","0.5598","0.1906","0.3251","0.4258","0.3165","0.8549"
"UTF1","undifferentiated embryonic cell transcription factor 1","0.5","0.1592","0.31","0.0372","0.1879","0.3971","0.7874"
"TTC9C","tetratricopeptide repeat domain 9C","0.5","0.8866","0.7975","0.8323","0.8829","0.5643","0.0926"
"KRT3","keratin 3","0.5","0.3466","0.4479","0.0095","0.216","0.7246","0.9163"
"SDCBP2","syndecan binding protein 2","0.5","0.2773","0.2502","0.1396","0.8941","0.8146","0.5784"
"CD200","CD200 molecule","0.5","0.083","0.6212","0.8918","0.3105","0.4438","0.5463"
"TAS1R1","taste 1 receptor member 1","0.5","0.9758","0.9725","0.3741","0.5245","0.4792","0.0181"
"DBT","dihydrolipoamide branched chain transacylase E2","0.5","0.4516","0.4009","0.6201","0.9782","0.3466","0.3887"
"UQCRH","ubiquinol-cytochrome c reductase hinge protein","0.5","0.009","0.9344","0.3323","0.6633","0.7409","0.7075"
"OR4C13","olfactory receptor family 4 subfamily C member 13","0.5","0.8577","0.2056","0.9002","0.0682","0.4119","0.9968"
"CDC23","cell division cycle 23","0.5","0.7418","0.0496","0.2798","0.6126","0.8859","0.551"
"PRAMEF17","PRAME family member 17","0.5","0.4539","0.7237","0.0418","0.5454","0.5539","0.7075"
"ATG14","autophagy related 14","0.5","0.2811","0.7274","0.0875","0.8559","0.7662","0.0956"
"DYNC1I1","dynein cytoplasmic 1 intermediate chain 1","0.5","0.2926","0.394","0.8174","0.0609","0.6358","0.6426"
"HNRNPCL1","heterogeneous nuclear ribonucleoprotein C-like 1","0.5","0.4418","0.5329","0.1098","0.5343","0.8388","0.9686"
"CTBP1","C-terminal binding protein 1","0.5","0.6816","0.8401","0.7692","0.3954","0.147","0.6223"
"ARMC2","armadillo repeat containing 2","0.5","0.2227","0.517","0.5088","0.0904","0.3322","0.2711"
"ZDHHC4","zinc finger DHHC-type containing 4","0.5","0.8544","0.8684","0.9848","0.9728","0.0517","0.3967"
"SUN1","Sad1 and UNC84 domain containing 1","0.5","0.19","0.1383","0.2683","0.3191","0.8831","0.2744"
"ORAI1","ORAI calcium release-activated calcium modulator 1","0.5","0.7111","0.2741","0.3136","0.3729","0.0972","0.1952"
"TMEM126A","transmembrane protein 126A","0.5","0.8143","0.33","0.242","0.9337","0.1705","0.3552"
"CIZ1","CDKN1A interacting zinc finger protein 1","0.5","0.7822","0.2288","0.4897","0.2814","0.1832","0.7015"
"SLC22A11","solute carrier family 22 member 11","0.5","0.1723","0.9141","0.4382","0.4701","0.2614","0.0111"
"SNRPN","small nuclear ribonucleoprotein polypeptide N","0.5","0.2161","0.7874","0.8583","0.3991","0.5872","0.7534"
"KDELR1","KDEL endoplasmic reticulum protein retention receptor 1","0.5","0.3482","0.5479","0.7767","0.2657","0.4411","0.1425"
"TLR2","toll like receptor 2","0.5","0.0366","0.127","0.4143","0.8105","0.2207","0.4701"
"USP22","ubiquitin specific peptidase 22","0.5","0.2672","0.6884","0.0037","0.0484","0.9852","0.5213"
"CASKIN1","CASK interacting protein 1","0.5","0.1205","0.9968","0.3096","0.8853","0.9246","0.7143"
"MRGBP","MRG domain binding protein","0.5","0.6376","0.8106","0.4836","0.4125","0.7933","0.3197"
"ACTR1A","ARP1 actin related protein 1 homolog A","0.5","0.3432","0.5585","0.1795","0.6961","0.8509","0.5239"
"TSPY10","testis specific protein, Y-linked 10","0.5","0.8432","0.659","0.4217","0.7827","0.9445","0.4664"
"SLC1A5","solute carrier family 1 member 5","0.5","0.9794","0.1783","0.3803","0.7518","0.8105","0.1451"
"ATM","ATM serine/threonine kinase","0.5","0.6394","0.1635","0.7238","0.7148","0.4332","0.4856"
"TUBB1","tubulin beta 1 class VI","0.5","0.1204","0.6325","0.3733","0.5049","0.1584","0.2148"
"KDM1B","lysine demethylase 1B","0.5","0.6307","0.9787","0.5459","0.1622","0.3887","0.9146"
"OR10K1","olfactory receptor family 10 subfamily K member 1","0.5","0.3579","0.7585","0.5774","0.3098","0.93","0.6805"
"NMI","N-myc and STAT interactor","0.5","0.2564","0.009","0.2182","0.263","0.9277","0.4086"
"ZFPL1","zinc finger protein like 1","0.5","0.9875","0.0158","0.877","0.9632","0.8302","0.8437"
"PRDM5","PR/SET domain 5","0.5","0.6508","0.6285","0.3505","0.8245","0.3103","0.0457"
"SS18","SS18, nBAF chromatin remodeling complex subunit","0.5","0.2889","0.6946","0.7769","0.7411","0.5263","0.2861"
"TMCC3","transmembrane and coiled-coil domain family 3","0.5","0.8774","0.4352","0.2377","0.4027","0.8827","0.6356"
"GABRA6","gamma-aminobutyric acid type A receptor alpha6 subunit","0.5","0.6906","0.9283","0.4105","0.8563","0.964","0.7143"
"CAST","calpastatin","0.5","0.0664","0.1097","0.4025","0.7449","0.3218","0.8502"
"LUZP2","leucine zipper protein 2","0.5","0.0222","0.8636","0.0872","0.7137","0.9888","0.2509"
"RECK","reversion inducing cysteine rich protein with kazal motifs","0.5","0.0164","0.8672","0.5648","0.4224","0.7678","0.0395"
"NPR3","natriuretic peptide receptor 3","0.5","0.3021","0.2091","0.7251","0.6934","0.5941","0.9076"
"SLC20A1","solute carrier family 20 member 1","0.5","0.5503","0.5526","0.1119","0.1571","0.5856","0.0349"
"ACAP1","ArfGAP with coiled-coil, ankyrin repeat and PH domains 1","0.5","0.5196","0.9694","0.6421","0.5521","0.0877","0.4497"
"DYNC2H1","dynein cytoplasmic 2 heavy chain 1","0.5","0.6805","0.0824","0.1296","0.314","0.0913","0.4468"
"BLK","BLK proto-oncogene, Src family tyrosine kinase","0.5","0.8568","0.7249","0.9919","0.7799","0.5841","0.1364"
"TFPI","tissue factor pathway inhibitor","0.5","0.3782","0.1826","0.7068","0.4022","0.9765","0.4598"
"H1FNT","H1 histone family member N, testis specific","0.5","0.4706","0.8577","0.0086","0.3763","0.6786","0.8551"
"PPP1R37","protein phosphatase 1 regulatory subunit 37","0.5","0.6963","0.2913","0.0173","0.0213","0.1534","0.9052"
"HIST3H2A","histone cluster 3 H2A","0.5","0.8689","0.375","0.4954","0.0802","0.5757","0.6656"
"R3HCC1L","R3H domain and coiled-coil containing 1 like","0.5","0.3377","0.2391","0.5564","0.9294","0.2267","0.9395"
"IL36B","interleukin 36, beta","0.5","0.7552","0.5752","0.1794","0.5243","0.157","0.2231"
"HLA-DQB1","major histocompatibility complex, class II, DQ beta 1","0.5","0.4903","0.1287","0.334","0.3541","0.3096","0.5333"
"OR5H14","olfactory receptor family 5 subfamily H member 14","0.5","0.9722","0.4","0.3801","0.3806","0.97","0.399"
"ALDH6A1","aldehyde dehydrogenase 6 family member A1","0.5","0.0438","0.1473","0.7205","0.9238","0.8403","0.939"
"SMYD4","SET and MYND domain containing 4","0.5","0.6132","0.6362","0.2654","0.4522","0.4267","0.2462"
"RNF121","ring finger protein 121","0.5","0.7055","0.7156","0.335","0.9757","0.5375","0.7192"
"PRG4","proteoglycan 4","0.5","0.8311","0.6165","0.4685","0.4988","0.6248","0.121"
"UGT2A1","UDP glucuronosyltransferase family 2 member A1 complex locus","0.5","0.2628","0.0241","0.3955","0.4824","0.771","0.2323"
"NSMCE1","NSE1 homolog, SMC5-SMC6 complex component","0.5","0.4634","0.2169","0.6032","0.0726","0.885","0.711"
"ASPRV1","aspartic peptidase, retroviral-like 1","0.5","0.7716","0.2312","0.8744","0.3731","0.5608","0.8868"
"TBRG4","transforming growth factor beta regulator 4","0.5","0.4269","0.2685","0.8665","0.5556","0.6626","0.9565"
"APCDD1","APC down-regulated 1","0.5","0.4792","0.9691","0.5689","0.8071","0.6116","0.5421"
"CRK","CRK proto-oncogene, adaptor protein","0.5","0.7604","0.367","0.8045","0.0612","0.3881","0.8514"
"TBX5","T-box 5","0.5","0.0638","0.4638","0.0733","0.3653","0.9221","0.6877"
"COL7A1","collagen type VII alpha 1 chain","0.5","0.3637","0.6863","0.8096","0.6679","0.3264","0.6861"
"KIAA0368","KIAA0368","0.5","0.7685","0.5387","0.7949","0.2944","0.0166","0.6373"
"ZNF264","zinc finger protein 264","0.5","0.4603","0.4258","0.3494","0.1275","0.6304","0.6901"
"C2orf49","chromosome 2 open reading frame 49","0.5","0.8901","0.6612","0.344","0.8315","0.4306","0.4871"
"SYT3","synaptotagmin 3","0.5","0.4611","0.7313","0.9666","0.7339","0.3356","0.6488"
"MS4A6E","membrane spanning 4-domains A6E","0.5","0.269","0.309","0.4268","0.5399","0.8169","0.0758"
"EFCAB14","EF-hand calcium binding domain 14","0.5","0.8161","0.3871","0.0761","0.4436","0.6675","0.2092"
"PDZD3","PDZ domain containing 3","0.5","0.6784","0.38","0.7276","0.334","0.8333","0.5693"
"GRHPR","glyoxylate and hydroxypyruvate reductase","0.5","0.1216","0.5998","0.0826","0.6812","0.8988","0.9865"
"PITPNM3","PITPNM family member 3","0.5","0.0922","0.077","0.7575","0.0482","0.2088","0.6709"
"ZSWIM4","zinc finger SWIM-type containing 4","0.5","0.331","0.3537","0.2016","0.9632","0.5404","0.342"
"RNF182","ring finger protein 182","0.5","0.2195","0.077","0.4748","0.1005","0.7459","0.087"
"AZU1","azurocidin 1","0.5","0.6421","0.7039","0.4111","0.8555","0.4146","0.6733"
"GDF3","growth differentiation factor 3","0.5","0.4556","0.2571","0.8926","0.8353","0.5246","0.0563"
"PSD4","pleckstrin and Sec7 domain containing 4","0.5","0.0813","0.7224","0.6488","0.4511","0.4875","0.9112"
"RAP2B","RAP2B, member of RAS oncogene family","0.5","0.1602","0.2573","0.3354","0.0268","0.3052","0.7486"
"KCTD4","potassium channel tetramerization domain containing 4","0.5","0.7836","0.3273","0.2019","0.259","0.5486","0.9851"
"TCOF1","treacle ribosome biogenesis factor 1","0.5","0.8339","0.4074","0.5622","0.9167","0.8499","0.3061"
"ZNF189","zinc finger protein 189","0.5","0.0707","0.3711","0.8819","0.4559","0.9506","0.8935"
"CRHR1","corticotropin releasing hormone receptor 1","0.5","0.7651","0.9097","0.1835","0.1146","0.7256","0.3341"
"EGFL8","EGF like domain multiple 8","0.5","0.4444","0.0576","0.7904","0.7538","0.1606","0.1409"
"CRBN","cereblon","0.5","0.2563","0.397","0.8188","0.5651","0.4918","0.6281"
"ZNF275","zinc finger protein 275","0.5","0.1871","0.5079","0.4277","0.9526","0.1855","0.1454"
"LAMP3","lysosomal associated membrane protein 3","0.5","0.2605","0.9087","0.2745","0.0521","0.5673","0.9532"
"CCSER1","coiled-coil serine rich protein 1","0.5","0.0019","0.5634","0.7305","0.9883","0.6579","0.3521"
"TF","transferrin","0.5","0.848","0.8102","0.1133","0.9726","0.0581","0.1381"
"SMARCAD1","SWI/SNF-related, matrix-associated actin-dependent regulator of chromatin, subfamily a, containing DEAD/H box 1","0.5","0.3262","0.4118","0.5424","0.4799","0.1492","0.0458"
"ENSA","endosulfine alpha","0.5","0.008","0.7043","0.0295","0.7212","0.0134","0.9621"
"C1orf167","chromosome 1 open reading frame 167","0.5","0.6952","0.4107","0.7644","0.0536","0.5337","0.9414"
"NCOA7","nuclear receptor coactivator 7","0.5","0.2393","0.8352","0.188","0.2127","0.3829","0.4489"
"UBE2O","ubiquitin conjugating enzyme E2 O","0.5","0.7322","0.9498","0.8918","0.1285","0.3726","0.3737"
"ABCG8","ATP binding cassette subfamily G member 8","0.5","0.5689","0.0654","0.8256","0.9604","0.542","0.4241"
"IL1A","interleukin 1 alpha","0.5","0.5406","0.6314","0.6072","0.998","0.6496","0.7698"
"FIBP","FGF1 intracellular binding protein","0.5","0.2716","0.7981","0.912","0.4668","0.0618","0.0895"
"LRRC29","leucine rich repeat containing 29","0.5","0.8218","0.4929","0.4972","0.2845","0.8205","0.5031"
"G6PD","glucose-6-phosphate dehydrogenase","0.5","0.7362","0.0527","0.06","0.4459","0.7359","0.76"
"ECM2","extracellular matrix protein 2","0.5","0.7222","0.445","0.4687","0.6712","0.2861","0.7404"
"APLF","aprataxin and PNKP like factor","0.5","0.4913","0.8384","0.9559","0.8236","0.6202","0.7457"
"CDH10","cadherin 10","0.5","0.5433","0.946","0.9957","0.9878","0.2414","0.3553"
"OR5D14","olfactory receptor family 5 subfamily D member 14","0.5","0.6267","0.7671","0.3072","0.2356","0.4162","0.5245"
"EMX2","empty spiracles homeobox 2","0.5","0.5348","0.7342","0.9751","0.9492","0.2551","0.8309"
"GTF3C4","general transcription factor IIIC subunit 4","0.5","0.7544","0.9207","0.1685","0.423","0.2204","0.6893"
"TAF5L","TATA-box binding protein associated factor 5 like","0.5","0.6383","0.8329","0.397","0.5538","0.014","0.9792"
"NUPL2","nucleoporin like 2","0.5","0.9858","0.3508","0.4726","0.4418","0.4103","0.6463"
"TFB1M","transcription factor B1, mitochondrial","0.5","0.5826","0.7823","0.7687","0.8387","0.024","0.2408"
"UPK3A","uroplakin 3A","0.5","0.9119","0.0587","0.348","0.7548","0.5767","0.1951"
"STK4","serine/threonine kinase 4","0.5","0.2716","0.9805","0.5894","0.8789","0.2966","0.7819"
"AMMECR1","Alport syndrome, mental retardation, midface hypoplasia and elliptocytosis chromosomal region gene 1","0.5","0.282","0.6357","0.9052","0.755","0.927","0.7797"
"TLR6","toll like receptor 6","0.5","0.0242","0.1728","0.1026","0.5291","0.9569","0.2218"
"PCDHB15","protocadherin beta 15","0.5","0.4509","0.9496","0.1037","0.3291","0.2925","0.2527"
"PRDX2","peroxiredoxin 2","0.5","0.7457","0.2434","0.2046","0.5155","0.0146","0.0197"
"ADNP","activity dependent neuroprotector homeobox","0.5","0.4802","0.7087","0.8255","0.4401","0.2958","0.2419"
"HDAC5","histone deacetylase 5","0.5","0.2401","0.1903","0.278","0.5789","0.2345","0.6658"
"DNALI1","dynein axonemal light intermediate chain 1","0.5","0.0986","0.6863","0.8014","0.0137","0.7442","0.7169"
"SESN2","sestrin 2","0.5","0.846","0.636","0.3929","0.2696","0.3512","0.8796"
"FUNDC1","FUN14 domain containing 1","0.5","0.7832","0.7208","0.417","0.8759","0.8563","0.6955"
"RBAK-RBAKDN","RBAK-RBAKDN readthrough","0.5","0.8855","0.9858","0.1395","0.053","0.1941","0.9852"
"CCR4","C-C motif chemokine receptor 4","0.5","0.7904","0.4162","0.7138","0.1156","0.0832","0.47"
"OXA1L","OXA1L, mitochondrial inner membrane protein","0.5","0.904","0.4396","0.242","0.9972","0.6526","0.6051"
"FAM124A","family with sequence similarity 124 member A","0.5","0.1958","0.5147","0.874","0.5472","0.2076","0.9236"
"KDM5B","lysine demethylase 5B","0.5","0.6133","0.3907","0.4102","0.2438","0.387","0.9012"
"TSPY8","testis specific protein, Y-linked 8","0.5","0.9957","0.4119","0.4745","0.6973","0.6652","0.1727"
"AK6","adenylate kinase 6","0.5","0.2342","0.8731","0.9715","0.2082","0.5862","0.7885"
"TRIM45","tripartite motif containing 45","0.5","0.1317","0.7551","0.6785","0.8057","0.4229","0.5903"
"ACADS","acyl-CoA dehydrogenase, C-2 to C-3 short chain","0.5","0.6627","0.9834","0.5315","0.3696","0.5897","0.7504"
"ELOVL6","ELOVL fatty acid elongase 6","0.5","0.1236","0.9156","0.2785","0.1203","0.3627","0.1604"
"ZNF740","zinc finger protein 740","0.5","0.8786","0.7308","0.6315","0.4764","0.4437","0.987"
"VTI1B","vesicle transport through interaction with t-SNAREs 1B","0.5","0.2914","0.0141","0.8889","0.0716","0.0605","0.2961"
"FHL1","four and a half LIM domains 1","0.5","0.0706","0.2847","0.1333","0.139","0.3223","0.4451"
"C1orf35","chromosome 1 open reading frame 35","0.5","0.1356","0.9977","0.2703","0.0534","0.1384","0.0093"
"ZBTB20","zinc finger and BTB domain containing 20","0.5","0.4232","0.0823","0.5893","0.384","0.1378","0.5963"
"CRCP","CGRP receptor component","0.5","0.0649","0.798","0.1071","0.1111","0.4743","0.5316"
"LIMA1","LIM domain and actin binding 1","0.5","0.3792","0.1314","0.4468","0.9159","0.8416","0.3441"
"RAB10","RAB10, member RAS oncogene family","0.5","0.0933","0.2431","0.4332","0.2713","0.716","0.8334"
"TRAF3","TNF receptor associated factor 3","0.5","0.0988","0.1836","0.161","0.9286","0.4978","0.2504"
"APOC3","apolipoprotein C3","0.5","0.5127","0.0157","0.1153","0.7558","0.763","0.7816"
"ANKRD39","ankyrin repeat domain 39","0.5","0.7874","0.7409","0.5172","0.2045","0.5067","0.4983"
"SLC30A5","solute carrier family 30 member 5","0.5","0.6123","0.244","0.6501","0.7227","0.5618","0.2625"
"SIX2","SIX homeobox 2","0.5","0.8853","0.2847","0.054","0.3215","0.903","0.5516"
"LCORL","ligand dependent nuclear receptor corepressor like","0.5","0.1012","0.3166","0.593","0.3454","0.6014","0.2182"
"GMPS","guanine monophosphate synthase","0.5","0.4731","0.5853","0.5576","0.9918","0.7364","0.3717"
"FRMPD2","FERM and PDZ domain containing 2","0.5","0.0857","0.0907","0.2459","0.9711","0.564","0.3758"
"ZNF449","zinc finger protein 449","0.5","0.4181","0.1109","0.1465","0.6308","0.8073","0.4017"
"LIPG","lipase G, endothelial type","0.5","0.3512","0.7457","0.1376","0.937","0.0574","0.9245"
"UIMC1","ubiquitin interaction motif containing 1","0.5","0.1027","0.7553","0.3595","0.8882","0.7086","0.0724"
"DACT3","dishevelled binding antagonist of beta catenin 3","0.5","0.2063","0.1279","0.9044","0.7397","0.1337","0.4763"
"JAM3","junctional adhesion molecule 3","0.5","0.4863","0.0465","0.0233","0.4568","0.4495","0.4807"
"SALL4","spalt like transcription factor 4","0.5","0.2085","0.0551","0.0797","0.6746","0.8681","0.078"
"LATS2","large tumor suppressor kinase 2","0.5","0.2329","0.1538","0.0033","0.2704","0.7045","0.2422"
"OLIG2","oligodendrocyte transcription factor 2","0.5","0.6563","0.9026","0.8854","0.9531","0.942","0.9788"
"LRRC2","leucine rich repeat containing 2","0.5","0.8859","0.8734","0.89","0.5653","0.9017","0.2851"
"GSDMA","gasdermin A","0.5","0.2361","0.5598","0.1695","0.5348","0.0376","0.7356"
"AHSG","alpha 2-HS glycoprotein","0.5","0.463","0.9517","0.1432","0.4563","0.865","0.6486"
"SRGAP2","SLIT-ROBO Rho GTPase activating protein 2","0.5","0.6498","0.4711","0.6746","0.9441","0.3354","0.6876"
"FTH1","ferritin heavy chain 1","0.5","0.0843","0.9941","0.0274","0.054","0.8596","0.9352"
"RBL2","RB transcriptional corepressor like 2","0.5","0.5271","0.8683","0.1895","0.0334","0.8671","0.6323"
"LY96","lymphocyte antigen 96","0.5","0.9538","0.256","0.811","0.9658","0.7394","0.2505"
"SRBD1","S1 RNA binding domain 1","0.5","0.4109","0.4981","0.9134","0.0952","0.4164","0.0824"
"F8A2","coagulation factor VIII-associated 2","0.5","0.4729","0.4407","0.7365","0.8656","0.3467","0.5275"
"ZC3HC1","zinc finger C3HC-type containing 1","0.5","0.8165","0.627","0.4414","0.0277","0.1314","0.6936"
"ITGB1","integrin subunit beta 1","0.5","0.8649","0.8155","0.3213","0.8682","0.9168","0.3336"
"ZNF83","zinc finger protein 83","0.5","0.9475","0.8888","0.7201","0.5445","0.523","0.909"
"GTPBP6","GTP binding protein 6 (putative)","0.5","0.4363","0.013","0.0546","0.4657","0.5661","0.8801"
"SCN5A","sodium voltage-gated channel alpha subunit 5","0.5","0.1422","0.5459","0.55","0.0962","0.3252","0.6712"
"CT45A8","cancer/testis antigen family 45 member A8","0.5","0.8731","0.9269","0.384","0.4926","0.3131","0.9183"
"HIST1H2BA","histone cluster 1 H2B family member a","0.5","0.8741","0.3671","0.6431","0.178","0.6337","0.3814"
"ATAD2","ATPase family, AAA domain containing 2","0.5","0.5229","0.137","0.8197","0.2362","0.1905","0.3396"
"ANKRD13C","ankyrin repeat domain 13C","0.5","0.1925","0.535","0.2169","0.5508","0.5189","0.7431"
"PLOD2","procollagen-lysine,2-oxoglutarate 5-dioxygenase 2","0.5","0.3375","0.5238","0.7724","0.1872","0.2387","0.5097"
"CDKL1","cyclin dependent kinase like 1","0.5","0.0652","0.4154","0.045","0.3379","0.7733","0.8898"
"TMEM241","transmembrane protein 241","0.5","0.4047","0.9566","0.4714","0.8585","0.0721","0.8873"
"METTL4","methyltransferase like 4","0.5","0.8253","0.3752","0.2201","0.579","0.7466","0.0465"
"LRRC43","leucine rich repeat containing 43","0.5","0.0771","0.6368","0.8664","0.8923","0.4429","0.8916"
"AKT1","AKT serine/threonine kinase 1","0.5","0.3506","0.3496","0.342","0.356","0.3917","0.3062"
"AKT1S1","AKT1 substrate 1","0.5","0.3119","0.3492","0.3788","0.3414","0.3397","0.325"
"BRAF","B-Raf proto-oncogene, serine/threonine kinase","0.5","0.3158","0.3279","0.3649","0.3649","0.3178","0.3263"
"CAB39","calcium binding protein 39","0.5","0.363","0.3518","0.3648","0.3148","0.3746","0.3913"
"CAB39L","calcium binding protein 39 like","0.5","0.3051","0.3465","0.3675","0.3223","0.3658","0.3538"
"CBX2","chromobox 2","0.5","0.3593","0.3698","0.3652","0.3007","0.3006","0.3131"
"DDIT4","DNA damage inducible transcript 4","0.5","0.3297","0.3527","0.3058","0.3962","0.3586","0.3522"
"EIF4B","eukaryotic translation initiation factor 4B","0.5","0.3995","0.3188","0.3422","0.3687","0.3561","0.33"
"EIF4E","eukaryotic translation initiation factor 4E","0.5","0.3904","0.3985","0.3284","0.3118","0.3394","0.3934"
"EIF4E2","eukaryotic translation initiation factor 4E family member 2","0.5","0.3848","0.348","0.3791","0.3192","0.3868","0.3609"
"EIF4EBP1","eukaryotic translation initiation factor 4E binding protein 1","0.5","0.3439","0.3414","0.3218","0.3637","0.3953","0.3529"
"HIF1A","hypoxia inducible factor 1 alpha subunit","0.5","0.306","0.3958","0.3891","0.3053","0.345","0.3825"
"IGF1","insulin like growth factor 1","0.5","0.3775","0.3086","0.3675","0.3504","0.3852","0.327"
"IKBKB","inhibitor of nuclear factor kappa B kinase subunit beta","0.5","0.3388","0.3981","0.382","0.3137","0.3046","0.3847"
"IRS1","insulin receptor substrate 1","0.5","0.344","0.3849","0.3759","0.363","0.3966","0.3795"
"MAPK1","mitogen-activated protein kinase 1","0.5","0.3666","0.346","0.3712","0.3167","0.319","0.382"
"MAPK3","mitogen-activated protein kinase 3","0.5","0.3563","0.3789","0.3715","0.3159","0.398","0.3594"
"MLST8","MTOR associated protein, LST8 homolog","0.5","0.3968","0.3546","0.3813","0.3036","0.3734","0.3334"
"MTOR","mechanistic target of rapamycin","0.5","0.3119","0.3708","0.381","0.3426","0.3466","0.301"
"PDPK1","3-phosphoinositide dependent protein kinase 1","0.5","0.3327","0.3997","0.3023","0.3074","0.3604","0.3341"
"PIK3CA","phosphatidylinositol-4,5-bisphosphate 3-kinase catalytic subunit alpha","0.5","0.3716","0.3644","0.3152","0.317","0.3621","0.3828"
"PIK3CB","phosphatidylinositol-4,5-bisphosphate 3-kinase catalytic subunit beta","0.5","0.3974","0.359","0.3267","0.3925","0.3328","0.3842"
"PIK3CD","phosphatidylinositol-4,5-bisphosphate 3-kinase catalytic subunit delta","0.5","0.3047","0.3867","0.3141","0.3091","0.3997","0.3548"
"PIK3CG","phosphatidylinositol-4,5-bisphosphate 3-kinase catalytic subunit gamma","0.5","0.38","0.3692","0.3164","0.3258","0.3119","0.3937"
"PIK3R1","phosphoinositide-3-kinase regulatory subunit 1","0.5","0.3104","0.3163","0.3964","0.3135","0.376","0.3759"
"PIK3R2","phosphoinositide-3-kinase regulatory subunit 2","0.5","0.36","0.3151","0.3117","0.349","0.3124","0.3956"
"PIK3R3","phosphoinositide-3-kinase regulatory subunit 3","0.5","0.3038","0.3336","0.3967","0.3979","0.3832","0.3559"
"PIK3R5","phosphoinositide-3-kinase regulatory subunit 5","0.5","0.3534","0.3858","0.3606","0.3226","0.3152","0.3477"
"PRKAA1","protein kinase AMP-activated catalytic subunit alpha 1","0.5","0.3527","0.3489","0.3598","0.3659","0.3918","0.3796"
"PRKAA2","protein kinase AMP-activated catalytic subunit alpha 2","0.5","0.3509","0.3647","0.3257","0.3019","0.3895","0.3503"
"PRKCA","protein kinase C alpha","0.5","0.3679","0.3165","0.3799","0.3835","0.3966","0.3492"
"PRKCB","protein kinase C beta","0.5","0.3766","0.3817","0.3596","0.3294","0.3731","0.305"
"PRKCG","protein kinase C gamma","0.5","0.3135","0.3502","0.3741","0.34","0.3776","0.3356"
"PTEN","phosphatase and tensin homolog","0.5","0.3154","0.3244","0.3455","0.338","0.3901","0.3867"
"RHEB","Ras homolog enriched in brain","0.5","0.3772","0.3351","0.3459","0.3592","0.3256","0.3876"
"RICTOR","RPTOR independent companion of MTOR complex 2","0.5","0.3562","0.3409","0.3874","0.3257","0.3838","0.3601"
"RPS6","ribosomal protein S6","0.5","0.3977","0.3305","0.3487","0.3339","0.3207","0.3842"
"RPS6KA1","ribosomal protein S6 kinase A1","0.5","0.3202","0.3107","0.3323","0.3816","0.3143","0.3457"
"RPS6KA2","ribosomal protein S6 kinase A2","0.5","0.3381","0.364","0.3512","0.3774","0.3703","0.3497"
"RPS6KA3","ribosomal protein S6 kinase A3","0.5","0.3263","0.3181","0.3286","0.3198","0.3468","0.3599"
"RPS6KA6","ribosomal protein S6 kinase A6","0.5","0.3627","0.3158","0.3023","0.3468","0.3017","0.3919"
"RPS6KB1","ribosomal protein S6 kinase B1","0.5","0.3674","0.3028","0.3729","0.3237","0.3921","0.3379"
"RPS6KB2","ribosomal protein S6 kinase B2","0.5","0.3317","0.3069","0.3569","0.3432","0.3022","0.3918"
"RPTOR","regulatory associated protein of MTOR complex 1","0.5","0.3758","0.3195","0.3014","0.3881","0.318","0.3817"
"RRAGA","Ras related GTP binding A","0.5","0.3677","0.3525","0.3355","0.3347","0.3433","0.3325"
"RRAGB","Ras related GTP binding B","0.5","0.335","0.3199","0.3771","0.3073","0.3847","0.3945"
"RRAGC","Ras related GTP binding C","0.5","0.317","0.383","0.3566","0.3932","0.3627","0.3911"
"RRAGD","Ras related GTP binding D","0.5","0.3562","0.362","0.3558","0.3942","0.3901","0.3957"
"RYBP","RING1 and YY1 binding protein","0.5","0.3723","0.3316","0.3829","0.3688","0.3703","0.3271"
"STK11","serine/threonine kinase 11","0.5","0.3571","0.3123","0.3867","0.3058","0.3541","0.3494"
"STRADA","STE20-related kinase adaptor alpha","0.5","0.3288","0.3199","0.3956","0.3454","0.3411","0.3566"
"TNF","tumor necrosis factor","0.5","0.3653","0.3319","0.3512","0.3988","0.304","0.3771"
"TSC1","tuberous sclerosis 1","0.5","0.3624","0.3479","0.3977","0.3387","0.3717","0.3892"
"TSC2","tuberous sclerosis 2","0.5","0.3749","0.3009","0.3179","0.3715","0.3771","0.3192"
"ULK1","unc-51 like autophagy activating kinase 1","0.5","0.384","0.3481","0.3579","0.3662","0.3984","0.3861"
"ULK2","unc-51 like autophagy activating kinase 2","0.5","0.3355","0.3285","0.3057","0.3526","0.3779","0.3146"
"VEGFA","vascular endothelial growth factor A","0.5","0.3706","0.3636","0.3677","0.3765","0.3277","0.3601"
